1892,San Francisco,14,10
1892,San Francisco,10,10
1893,San Francisco,6,6
1894,San Francisco,6,0
1895,San Francisco,6,6
1896,San Francisco,20,0
1897,San Francisco,28,0
1898,San Francisco,0,22
1899,San Francisco,0,30
1900,San Francisco,5,0
1901,San Francisco,0,2
1902,San Francisco,0,16
1903,San Francisco,6,6
1904,Berkeley,18,0
1905,Stanford,12,5
1906,Berkeley,6,3
1907,Stanford,21,11
1908,Berkeley,12,3
1909,Stanford,13,19
1910,Berkeley,6,25
1911,Stanford,3,21
1912,Berkeley,3,3
1913,Stanford,13,8
1914,Berkeley,26,8
1919,Stanford,10,14
1920,Berkeley,0,38
1921,Stanford,7,42
1922,Stanford,0,28
1923,Berkeley,0,9
1924,Berkeley,20,20
1925,Stanford,27,14
1926,Berkeley,41,6
1927,Stanford,13,6
1928,Berkeley,13,13
1929,Stanford,21,6
1930,Berkeley,41,0
1931,Stanford,0,6
1932,Berkeley,0,0
1933,Stanford,7,3
1934,Berkeley,9,7
1935,Stanford,13,0
1936,Berkeley,0,20
1937,Stanford,0,13
1938,Berkeley,0,6
1939,Stanford,14,32
1940,Berkeley,13,7
1941,Stanford,0,16
1942,Berkeley,26,7
1946,Berkeley,25,6
1947,Stanford,18,21
1948,Berkeley,6,7
1949,Stanford,14,33
1950,Berkeley,7,7
1951,Stanford,7,20
1952,Berkeley,0,26
1953,Stanford,21,21
1954,Berkeley,20,28
1955,Stanford,19,0
1956,Berkeley,18,20
1957,Stanford,14,12
1958,Berkeley,15,16
1959,Stanford,17,20
1960,Berkeley,10,21
1961,Stanford,20,7
1962,Berkeley,30,13
1963,Stanford,28,17
1964,Berkeley,21,3
1965,Stanford,9,7
1966,Berkeley,13,7
1967,Stanford,3,26
1968,Berkeley,20,0
1969,Stanford,29,28
1970,Berkeley,14,22
1971,Stanford,14,0
1972,Berkeley,21,24
1973,Stanford,26,17
1974,Berkeley,22,20
1975,Stanford,15,48
1976,Berkeley,27,24
1977,Stanford,21,3
1978,Berkeley,30,10
1979,Stanford,14,21
1980,Berkeley,23,28
1981,Stanford,42,21
1982,Berkeley,20,25
1983,Stanford,18,27
1984,Berkeley,27,10
1985,Stanford,24,22
1986,Berkeley,11,17
1987,Stanford,31,7
1988,Berkeley,19,19
1989,Stanford,24,17
1990,Berkeley,27,25
1991,Stanford,38,21
1992,Berkeley,41,21
1993,Stanford,17,46
1994,Berkeley,23,24
1995,Stanford,29,24
1996,Berkeley,42,21
1997,Stanford,21,20
1998,Berkeley,10,3
1999,Stanford,31,13
2000,Berkeley,36,30
2001,Stanford,35,28
2002,Berkeley,7,30
2003,Stanford,16,28
2004,Berkeley,6,41
2005,Stanford,3,27
2006,Berkeley,17,26
2007,Stanford,20,13
2008,Berkeley,16,37
2009,Stanford,28,34
2010,Berkeley,48,14
2011,Stanford,31,28
2012,Berkeley,21,3
2013,Stanford,63,13
2014,Berkeley,38,17
2015,Stanford,35,22
2016,Berkeley,45,31
2017,Stanford,17,14
2018,Berkeley,23,13