Carol T. Christ,2017,2020,Chancellor
Nicholas B. Dirks,2013,2017,Chancellor
Robert J. Birgeneau,2004,2013,Chancellor
Robert M. Berdahl,1997,2004,Chancellor
Chang-Lin Tien,1990,1997,Chancellor
Ira Michael Heyman,1980,1990,Chancellor
Albert H. Bowker,1971,1980,Chancellor
Roger Heyns,1965,1971,Chancellor
Edward W. Strong,1961,1965,Chancellor
Glenn T. Seaborg,1958,1961,Chancellor
Clark Kerr,1952,1958,Chancellor
Robert Gordon Sproul,1930,1958,President
William Wallace Campbell,1923,1930,President
David Prescott Barrows,1919,1923,President
Benjamin Ide Wheeler,1899,1919,President
Martin Kellogg,1890,1899,President
Horace Davis,1880,1890,President
Edward Singleton Holden,1885,1888,President
William Thomas Reid,1881,1885,President
John LeConte,1876,1881,President
Daniel Coit Gilman,1872,1875,President
Henry Durant,1870,1872,President
